window,window_days,mean_improvement,share_positive_windows,n_windows
7-day daily-weighted,7,0.005949254081017548,0.6906077348066298,181
14-day daily-weighted,14,0.006045345573407452,0.7413793103448276,174
30-day daily-weighted,30,0.006891398039131713,0.7974683544303798,158
45-day daily-weighted,45,0.007926567041724246,0.8391608391608392,143
14-day question-balanced,14,0.006045345573407453,0.7413793103448276,174
30-day question-balanced,30,0.006891398039131713,0.7974683544303798,158
45-day question-balanced,45,0.007926567041724246,0.8391608391608392,143
